{
	"ApplicationDescription": "Gifski converts videos to high-quality GIFs.",
	"DeveloperName": "Sindre Sorhus",
	"Website": "https://sindresorhus.com/gifski",
	"Connections" : [
		{
			"Host" : "*.crashlytics.com,crashlyticsreports-pa.googleapis.com",
			"NetworkProtocol" : "TCP",
			"Port" : "443",
			"Purpose" : "Gifski sends crash reports to this server.",
			"DenyConsequences" : "If you deny this connection, the Gifski developers won't be notified if the app crashes and thus won't be able to fix it."
		}
	],
	"Services" : [
		{
			"Identifier" : "com.apple.NSURLSession",
			"Name" : "NSURLSession",
			"Purpose" : "Gifski uses this helper process to send crash reports."
		}
	]
}
