<?xml version="1.0" encoding="UTF-8" standalone="no"?>
<ColorScheme>
  <Name>Dark Low Contrast</Name>
  <TextColor>
    <R>170</R>
    <G>180</G>
    <B>190</B>
  </TextColor>
  <CurlyBraceColor>
    <R>170</R>
    <G>180</G>
    <B>190</B>
  </CurlyBraceColor>
  <ParenColor>
    <R>170</R>
    <G>180</G>
    <B>190</B>
  </ParenColor>
  <SquareBracketColor>
    <R>170</R>
    <G>180</G>
    <B>190</B>
  </SquareBracketColor>
  <StringColor>
    <R>110</R>
    <G>170</G>
    <B>110</B>
  </StringColor>
  <KeywordColor>
    <R>195</R>
    <G>115</G>
    <B>195</B>
  </KeywordColor>
  <CommentColor>
    <R>200</R>
    <G>140</G>
    <B>100</B>
  </CommentColor>
  <NumberColor>
    <R>170</R>
    <G>180</G>
    <B>190</B>
  </NumberColor>
  <OperatorColor>
    <R>170</R>
    <G>180</G>
    <B>190</B>
  </OperatorColor>
  <IdentifierColor>
    <R>170</R>
    <G>180</G>
    <B>190</B>
  </IdentifierColor>
  <PreprocessColor>
    <R>250</R>
    <G>125</G>
    <B>125</B>
  </PreprocessColor>
  <BackgroundColor>
    <R>45</R>
    <G>45</G>
    <B>45</B>
  </BackgroundColor>
  <CSDColor>
    <R>130</R>
    <G>130</G>
    <B>185</B>
  </CSDColor>
  <LineNumColor>
    <R>190</R>
    <G>180</G>
    <B>170</B>
  </LineNumColor>
  <MessageColor>
    <R>90</R>
    <G>170</G>
    <B>150</B>
  </MessageColor>
  <ClickableColor>
    <R>80</R>
    <G>160</G>
    <B>80</B>
  </ClickableColor>
  <InputColor>
    <R>200</R>
    <G>130</G>
    <B>100</B>
  </InputColor>
  <OutputColor>
    <R>170</R>
    <G>180</G>
    <B>190</B>
  </OutputColor>
  <LinkColor>
    <R>140</R>
    <G>140</G>
    <B>200</B>
  </LinkColor>
  <InteractionsResultColor>
    <R>95</R>
    <G>160</G>
    <B>185</B>
  </InteractionsResultColor>
  <InteractionsErrorColor>
    <R>220</R>
    <G>110</G>
    <B>110</B>
  </InteractionsErrorColor>
  <HighlightColor>0</HighlightColor>
  <DebugLineColor>0</DebugLineColor>
  <IconColorGradient>50</IconColorGradient>
</ColorScheme>
