<?xml version="1.0" encoding="UTF-8" standalone="no"?>
<ColorScheme>
  <Name>Dark High Contrast</Name>
  <TextColor>
    <R>255</R>
    <G>255</G>
    <B>255</B>
  </TextColor>
  <CurlyBraceColor>
    <R>255</R>
    <G>255</G>
    <B>255</B>
  </CurlyBraceColor>
  <ParenColor>
    <R>255</R>
    <G>255</G>
    <B>255</B>
  </ParenColor>
  <SquareBracketColor>
    <R>255</R>
    <G>255</G>
    <B>255</B>
  </SquareBracketColor>
  <StringColor>
    <R>105</R>
    <G>255</G>
    <B>105</B>
  </StringColor>
  <KeywordColor>
    <R>255</R>
    <G>160</G>
    <B>255</B>
  </KeywordColor>
  <CommentColor>
    <R>255</R>
    <G>200</G>
    <B>100</B>
  </CommentColor>
  <NumberColor>
    <R>255</R>
    <G>255</G>
    <B>255</B>
  </NumberColor>
  <OperatorColor>
    <R>255</R>
    <G>255</G>
    <B>255</B>
  </OperatorColor>
  <IdentifierColor>
    <R>255</R>
    <G>255</G>
    <B>255</B>
  </IdentifierColor>
  <PreprocessColor>
    <R>255</R>
    <G>255</G>
    <B>0</B>
  </PreprocessColor>
  <BackgroundColor>
    <R>15</R>
    <G>15</G>
    <B>15</B>
  </BackgroundColor>
  <CSDColor>
    <R>0</R>
    <G>108</G>
    <B>255</B>
  </CSDColor>
  <LineNumColor>
    <R>255</R>
    <G>241</G>
    <B>228</B>
  </LineNumColor>
  <MessageColor>
    <R>0</R>
    <G>255</G>
    <B>191</B>
  </MessageColor>
  <ClickableColor>
    <R>80</R>
    <G>255</G>
    <B>80</B>
  </ClickableColor>
  <InputColor>
    <R>255</R>
    <G>200</G>
    <B>100</B>
  </InputColor>
  <OutputColor>
    <R>255</R>
    <G>255</G>
    <B>255</B>
  </OutputColor>
  <LinkColor>
    <R>140</R>
    <G>210</G>
    <B>255</B>
  </LinkColor>
  <InteractionsResultColor>
    <R>133</R>
    <G>255</G>
    <B>0</B>
  </InteractionsResultColor>
  <InteractionsErrorColor>
    <R>255</R>
    <G>255</G>
    <B>0</B>
  </InteractionsErrorColor>
  <HighlightColor>0</HighlightColor>
  <DebugLineColor>0</DebugLineColor>
  <IconColorGradient>50</IconColorGradient>
</ColorScheme>
