<?xml version="1.0" encoding="UTF-8" standalone="no"?>
<ColorScheme>
  <Name>Dark on Light</Name>
  <TextColor>
    <R>0</R>
    <G>0</G>
    <B>0</B>
  </TextColor>
  <CurlyBraceColor>
    <R>0</R>
    <G>0</G>
    <B>0</B>
  </CurlyBraceColor>
  <ParenColor>
    <R>0</R>
    <G>0</G>
    <B>0</B>
  </ParenColor>
  <SquareBracketColor>
    <R>0</R>
    <G>0</G>
    <B>0</B>
  </SquareBracketColor>
  <StringColor>
    <R>0</R>
    <G>160</G>
    <B>0</B>
  </StringColor>
  <KeywordColor>
    <R>148</R>
    <G>30</G>
    <B>223</B>
  </KeywordColor>
  <CommentColor>
    <R>230</R>
    <G>93</G>
    <B>0</B>
  </CommentColor>
  <NumberColor>
    <R>0</R>
    <G>0</G>
    <B>0</B>
  </NumberColor>
  <OperatorColor>
    <R>0</R>
    <G>0</G>
    <B>0</B>
  </OperatorColor>
  <IdentifierColor>
    <R>0</R>
    <G>0</G>
    <B>0</B>
  </IdentifierColor>
  <PreprocessColor>
    <R>150</R>
    <G>0</G>
    <B>0</B>
  </PreprocessColor>
  <BackgroundColor>
    <R>255</R>
    <G>255</G>
    <B>255</B>
  </BackgroundColor>
  <CSDColor>
    <R>0</R>
    <G>0</G>
    <B>255</B>
  </CSDColor>
  <LineNumColor>
    <R>105</R>
    <G>105</G>
    <B>105</B>
  </LineNumColor>
  <MessageColor>
    <R>75</R>
    <G>128</G>
    <B>100</B>
  </MessageColor>
  <ClickableColor>
    <R>0</R>
    <G>160</G>
    <B>0</B>
  </ClickableColor>
  <InputColor>
    <R>235</R>
    <G>95</G>
    <B>0</B>
  </InputColor>
  <OutputColor>
    <R>0</R>
    <G>0</G>
    <B>0</B>
  </OutputColor>
  <LinkColor>
    <R>0</R>
    <G>0</G>
    <B>255</B>
  </LinkColor>
  <InteractionsResultColor>
    <R>0</R>
    <G>0</G>
    <B>205</B>
  </InteractionsResultColor>
  <InteractionsErrorColor>
    <R>185</R>
    <G>0</G>
    <B>0</B>
  </InteractionsErrorColor>
  <HighlightColor>0</HighlightColor>
  <DebugLineColor>0</DebugLineColor>
  <IconColorGradient>50</IconColorGradient>
</ColorScheme>
